,0
2016-01-01,-3457.5675952844613
2016-01-02,-7328.494738141599
2016-01-03,-19156.416166713025
2016-01-04,-2762.8104524273367
2016-01-05,3272.5981190012535
2016-01-06,3914.4409761441057
2016-01-07,4180.875261858368
2016-01-08,8297.675261858385
2016-01-09,3209.4966904298053
2016-01-10,-12713.741880998714
2016-01-11,512.1824047155387
2016-01-12,3911.1281190012523
2016-01-13,4855.170976144116
2016-01-14,7367.748119001248
2016-01-15,7113.65811900128
2016-01-16,866.3124047155434
2016-01-17,-13058.646166713035
2016-01-18,2779.7438332869788
2016-01-19,11136.793833286967
2016-01-20,11443.17811900124
2016-01-21,10666.002404715517
2016-01-22,10554.54526185841
2016-01-23,-2730.6390238559106
2016-01-24,-19228.563309570192
2016-01-25,-5074.207595284446
2016-01-26,-2232.939023855899
2016-01-27,-6147.087595284451
2016-01-28,-4528.116166713007
2016-01-29,470.4295475727122
2016-01-30,-4510.330452427297
2016-01-31,-12463.789023855905
2016-02-01,4913.525261858391
2016-02-02,5631.982404715556
2016-02-03,4241.08097614412
2016-02-04,1988.5438332869671
2016-02-05,6623.436690429837
2016-02-06,-4314.6518809987465
2016-02-07,-19964.519023855886
2016-02-08,-4478.759023855906
2016-02-09,7086.413833286992
2016-02-10,6209.942404715548
2016-02-11,9683.236690429854
2016-02-12,9791.166690429847
2016-02-13,2589.4409761441057
2016-02-14,-9067.841880998749
2016-02-15,12529.656690429838
2016-02-16,15201.803833286976
2016-02-17,12148.322404715553
2016-02-18,10587.543833286967
2016-02-19,10124.002404715517
2016-02-20,95.93240471553872
2016-02-21,-14141.303309570183
2016-02-22,2536.459547572682
2016-02-23,12838.633833286993
2016-02-24,13295.666690429818
2016-02-25,12846.38669042982
2016-02-26,9852.272404715535
2016-02-27,-3572.407595284487
2016-02-28,-17509.22045242731
2016-02-29,1703.6238332869543
2016-03-01,7778.777655279526
2016-03-02,5644.991940993816
2016-03-03,8544.47336956524
2016-03-04,9589.990512422373
2016-03-05,-4316.60805900619
2016-03-06,-20501.492344720464
2016-03-07,-2817.2637732919247
2016-03-08,5548.590512422379
2016-03-09,8493.460512422374
2016-03-10,9123.611940993811
2016-03-11,9348.954798136663
2016-03-12,-1135.5294875776453
2016-03-13,-15110.080916149047
2016-03-14,-306.70948757760925
2016-03-15,10145.23336956522
2016-03-16,14032.089083850937
2016-03-17,11612.224798136682
2016-03-18,10855.490512422373
2016-03-19,301.94336956521147
2016-03-20,-10634.232344720454
2016-03-21,4979.594798136648
2016-03-22,10348.319083850947
2016-03-23,8676.536226708093
2016-03-24,3513.137655279512
2016-03-25,-13598.372344720468
2016-03-26,-13734.096630434768
2016-03-27,-15891.122344720468
2016-03-28,1837.4576552795188
2016-03-29,9567.679083850962
2016-03-30,13031.766226708103
2016-03-31,16734.261940993805
2016-04-01,10763.920512422366
2016-04-02,-4555.080916149047
2016-04-03,-17911.320916149038
2016-04-04,-1102.5266304347606
2016-04-05,5603.421940993809
2016-04-06,6818.8376552795235
2016-04-07,1712.2933695652173
2016-04-08,2114.7276552795083
2016-04-09,-4185.115201863344
2016-04-10,-8745.410916149063
2016-04-11,3903.383369565214
2016-04-12,6093.354798136657
2016-04-13,8792.150512422377
2016-04-14,10416.283369565237
2016-04-15,10602.494798136642
2016-04-16,-7647.7809161490295
2016-04-17,-16918.093773291912
2016-04-18,682.4390838509426
2016-04-19,863.8376552794944
2016-04-20,-1737.800916149019
2016-04-21,-4965.913773291919
2016-04-22,2095.0776552795433
2016-04-23,-5600.399487577612
2016-04-24,-13963.265201863338
2016-04-25,-2242.7380590061657
2016-04-26,790.9547981366632
2016-04-27,2226.791940993804
2016-04-28,2376.7690838509297
2016-04-29,4070.524798136641
2016-04-30,7155.710512422345
2016-05-01,-12547.10805900622
2016-05-02,-2669.8823447204777
2016-05-03,1449.3190838509472
2016-05-04,3531.0190838509297
2016-05-05,4771.967655279528
2016-05-06,3515.2462267080846
2016-05-07,-3542.4609161490516
2016-05-08,-15726.90948757762
2016-05-09,-1098.3866304347757
2016-05-10,3778.4347981366445
2016-05-11,7460.161940993799
2016-05-12,6832.629083850945
2016-05-13,4231.200512422365
2016-05-14,-4032.3580590062193
2016-05-15,-16721.986630434752
2016-05-16,-6658.532344720501
2016-05-17,-4413.95520186334
2016-05-18,-752.1223447204975
2016-05-19,-1713.1980590062158
2016-05-20,7426.2847981366795
2016-05-21,-9188.018059006223
2016-05-22,-15835.176630434755
2016-05-23,-2489.330916149047
2016-05-24,1747.607655279513
2016-05-25,-2797.2409161490796
2016-05-26,-2723.498059006204
2016-05-27,-1148.2137732919073
2016-05-28,-6029.532344720472
2016-05-29,-13026.343773291912
2016-05-30,-2170.1837732919084
2016-05-31,3289.589083850966
2016-06-01,7072.639658385102
2016-06-02,10355.973944099387
2016-06-03,10901.771086956549
2016-06-04,-5245.717484472028
2016-06-05,-9525.83605590061
2016-06-06,3905.341086956556
2016-06-07,6870.2782298136735
2016-06-08,4355.131086956564
2016-06-09,8611.003944099386
2016-06-10,8399.125372670824
2016-06-11,-1733.1289130434743
2016-06-12,-9374.164627329184
2016-06-13,3747.236801242252
2016-06-14,7871.538229813683
2016-06-15,10590.196801242273
2016-06-16,7889.248229813675
2016-06-17,7393.8439440993825
2016-06-18,-4256.276055900613
2016-06-19,-13081.334627329168
2016-06-20,6533.402515527938
2016-06-21,6325.835372670816
2016-06-22,4930.4753726708295
2016-06-23,1891.6439440994
2016-06-24,4777.972515527945
2016-06-25,-6557.938913043472
2016-06-26,-15735.004627329181
2016-06-27,-12924.37177018632
2016-06-28,5676.602515527949
2016-06-29,11231.569658385095
2016-06-30,10421.742515527934
2016-07-01,10448.769658385136
2016-07-02,-815.2346273291914
2016-07-03,-12367.503198757739
2016-07-04,-2546.0074844720657
2016-07-05,1523.508229813655
2016-07-06,3362.701086956513
2016-07-07,2377.126801242237
2016-07-08,1904.8082298136724
2016-07-09,-6850.281770186324
2016-07-10,-13341.076055900601
2016-07-11,-1903.017484472046
2016-07-12,3434.2653726708377
2016-07-13,2824.955372670811
2016-07-14,503.2068012422533
2016-07-15,13167.402515527938
2016-07-16,-10444.283198757737
2016-07-17,-12291.62177018632
2016-07-18,3183.135372670804
2016-07-19,7936.943944099388
2016-07-20,5693.801086956519
2016-07-21,2387.7739440994046
2016-07-22,-603.0274844720552
2016-07-23,-6641.361770186311
2016-07-24,-17473.191770186328
2016-07-25,-2170.9189130434825
2016-07-26,1433.0482298136922
2016-07-27,2721.165372670832
2016-07-28,4512.313944099384
2016-07-29,1484.5853726708156
2016-07-30,-6281.073198757775
2016-07-31,-19011.108913043485
2016-08-01,2726.6853726707923
2016-08-02,1795.9639440993778
2016-08-03,-2314.9889130434603
2016-08-04,-3532.5431987577467
2016-08-05,677.8468012422381
2016-08-06,-4492.286055900622
2016-08-07,-12626.933198757732
2016-08-08,683.8625155279587
2016-08-09,1417.0068012422416
2016-08-10,2132.4668012422626
2016-08-11,2481.4810869565117
2016-08-12,3391.2996583851054
2016-08-13,-4958.490341614874
2016-08-14,-7096.330341614899
2016-08-15,-15396.786055900622
2016-08-16,-2878.294627329189
2016-08-17,-2791.487484472047
2016-08-18,-1245.491770186345
2016-08-19,5346.282515527972
2016-08-20,-1614.5403416149202
2016-08-21,-14723.01462732919
2016-08-22,531.1439440993709
2016-08-23,7799.686801242264
2016-08-24,8130.2782298136735
2016-08-25,7347.039658385096
2016-08-26,8564.23537267081
2016-08-27,1939.109658385074
2016-08-28,-11934.883198757743
2016-08-29,566.1096583851031
2016-08-30,3636.099658385094
2016-08-31,6051.492515527963
2016-09-01,6360.417095761368
2016-09-02,8212.085667189967
2016-09-03,1202.6842386185308
2016-09-04,-12677.008618524356
2016-09-05,1650.3013814756705
2016-09-06,6744.6328100471
2016-09-07,4259.592810047092
2016-09-08,4818.4942386185285
2016-09-09,3998.1470957613783
2016-09-10,-4025.5371899529127
2016-09-11,-11295.054332810076
2016-09-12,2715.6185243327927
2016-09-13,5905.225667189952
2016-09-14,7790.759952904249
2016-09-15,9749.22423861851
2016-09-16,10980.778524332796
2016-09-17,8476.675667189964
2016-09-18,-4504.861475667218
2016-09-19,-18739.13718995289
2016-09-20,-2681.341475667228
2016-09-21,5503.032810047065
2016-09-22,4841.239952904201
2016-09-23,5434.131381475658
2016-09-24,-1814.3771899529092
2016-09-25,-15048.3414756672
2016-09-26,860.1385243327823
2016-09-27,5469.58138147564
2016-09-28,5694.665667189925
2016-09-29,3313.934238618531
2016-09-30,3218.8185243328044
2016-10-01,-5103.201475667185
2016-10-02,-14408.835761381459
2016-10-03,1696.4070957613585
2016-10-04,6255.935667189944
2016-10-05,4318.274238618527
2016-10-06,2588.2170957614144
2016-10-07,6561.289952904219
2016-10-08,-1127.384332810063
2016-10-09,-15625.512904238625
2016-10-10,-12271.742904238607
2016-10-11,8247.875667189946
2016-10-12,9664.887095761369
2016-10-13,8737.27566718994
2016-10-14,10484.524238618527
2016-10-15,-3132.604332810064
2016-10-16,-15178.767189952894
2016-10-17,-979.4757613815018
2016-10-18,-150.88433281006292
2016-10-19,958.1699529042235
2016-10-20,2909.7456671899417
2016-10-21,1830.8070957613527
2016-10-22,-8743.878618524323
2016-10-23,-21715.838618524343
2016-10-24,-5405.50004709576
2016-10-25,222.85281004707213
2016-10-26,4971.067095761362
2016-10-27,6817.958524332789
2016-10-28,3530.058524332795
2016-10-29,-1930.3429042386124
2016-10-30,-10625.244332810049
2016-10-31,-1477.6329042386205
2016-11-01,-10508.401475667168
2016-11-02,6450.325667189958
2016-11-03,8293.56138147565
2016-11-04,12113.075667189958
2016-11-05,834.8328100470826
2016-11-06,-13057.18861852435
2016-11-07,5088.768524332787
2016-11-08,7217.235667189932
2016-11-09,3874.991381475673
2016-11-10,7866.324238618516
2016-11-11,8398.02566718997
2016-11-12,-2485.4271899528976
2016-11-13,-18936.1171899529
2016-11-14,-215.39861852431204
2016-11-15,5221.6085243328125
2016-11-16,5497.154238618532
2016-11-17,3705.185667189944
2016-11-18,6767.059952904237
2016-11-19,-2183.717189952935
2016-11-20,-17201.06718995291
2016-11-21,-2580.0714756671805
2016-11-22,1144.8970957613783
2016-11-23,-102.63290423862054
2016-11-24,3155.4370957613573
2016-11-25,3589.084238618496
2016-11-26,-8683.41290423862
2016-11-27,-23853.432904238638
2016-11-28,-5763.157189952908
2016-11-29,2773.9142386185413
2016-11-30,1527.0413814756612
2016-12-01,-483.8361667130375
2016-12-02,4026.003833286959
2016-12-03,-4960.096166713018
2016-12-04,-20268.06616671302
2016-12-05,-2832.6518809987465
2016-12-06,2398.845261858398
2016-12-07,5583.613833286945
2016-12-08,-6916.757595284464
2016-12-09,-4404.751880998752
2016-12-10,-11015.046166713058
2016-12-11,-19891.46045242733
2016-12-12,2075.3866904298484
2016-12-13,8498.842404715542
2016-12-14,7767.228119001258
2016-12-15,5535.153833286953
2016-12-16,2148.1895475726924
2016-12-17,-7144.41902385588
2016-12-18,-17460.493309570156
2016-12-19,-550.22473814158
2016-12-20,333.59669042981113
2016-12-21,-2552.716166713013
2016-12-22,767.5109761440835
2016-12-23,7004.300976144121
2016-12-24,11553.078119001264
2016-12-25,-21720.687595284457
2016-12-26,-11094.106166713027
2016-12-27,-3022.474738141609
2016-12-28,490.2995475726784
2016-12-29,-537.56188099875
2016-12-30,3272.6109761440894
2016-12-31,-5545.620452427305
2017-01-01,-5697.694004319899
2017-01-02,-11371.881147177017
2017-01-03,2791.477424251556
2017-01-04,-1438.5668614627502
2017-01-05,4096.2517099658435
2017-01-06,5239.764567108708
2017-01-07,-7558.601147177047
2017-01-08,-19097.591147177038
2017-01-09,2474.860281394387
2017-01-10,6634.33170996586
2017-01-11,4163.815995680139
2017-01-12,7062.331709965831
2017-01-13,8570.524567108689
2017-01-14,-3416.758290034166
2017-01-15,-18745.68829003413
2017-01-16,5742.9359956801345
2017-01-17,6421.6074242515315
2017-01-18,-251.99257574844523
2017-01-19,5438.727424251556
2017-01-20,9082.911709965818
2017-01-21,-6105.974004319898
2017-01-22,-20631.001147177012
2017-01-23,3219.9045671086933
2017-01-24,14405.54028139441
2017-01-25,4746.025995680131
2017-01-26,7615.204567108682
2017-01-27,7496.345995680138
2017-01-28,-3736.9925757484452
2017-01-29,-14839.036861462722
2017-01-30,9274.883138537261
2017-01-31,15895.844567108696
2017-02-01,7327.46885282296
2017-02-02,7854.1159956801275
2017-02-03,9414.314567108697
2017-02-04,-7417.032575748453
2017-02-05,-17251.109718605585
2017-02-06,4991.341709965811
2017-02-07,6829.564567108697
2017-02-08,-3771.5054328913393
2017-02-09,913.6074242515606
2017-02-10,861.4059956801357
2017-02-11,-10025.109718605556
2017-02-12,-25794.899718605593
2017-02-13,-693.9054328913335
2017-02-14,3584.801709965832
2017-02-15,-5242.179718605592
2017-02-16,672.5974242515513
2017-02-17,-953.3040043198562
2017-02-18,-14320.63257574846
2017-02-19,-26814.344004319893
2017-02-20,-3146.864004319883
2017-02-21,7446.140281394415
2017-02-22,4206.803138537274
2017-02-23,4177.287424251583
2017-02-24,8089.2302813943825
2017-02-25,-7108.819718605577
2017-02-26,-23030.17400431988
2017-02-27,1448.3259956800903
2017-02-28,6723.383138537261
2017-03-01,1737.9437577639474
2017-03-02,4645.002329192561
2017-03-03,3080.5366149068577
2017-03-04,-17658.631956521713
2017-03-05,-30799.004813664593
2017-03-06,-6085.883385093155
2017-03-07,-347.02767080740887
2017-03-08,-7159.929099378904
2017-03-09,-2034.264813664573
2017-03-10,-1215.0348136645916
2017-03-11,-13927.683385093143
2017-03-12,-26599.42052795028
2017-03-13,-971.4248136646056
2017-03-14,3730.7337577640137
2017-03-15,-1831.194813664566
2017-03-16,1072.5580434782605
2017-03-17,4637.993757763994
2017-03-18,-8075.110527950281
2017-03-19,-21589.28481366459
2017-03-20,1253.7780434782617
2017-03-21,4242.932329192583
2017-03-22,-1076.5905279503204
2017-03-23,3262.4037577639974
2017-03-24,4732.790900621127
2017-03-25,-7320.127670807444
2017-03-26,-18680.067670807446
2017-03-27,4195.928043478285
2017-03-28,8006.02232919255
2017-03-29,-262.08767080743564
2017-03-30,3434.133757764008
2017-03-31,3244.7909006211266
2017-04-01,-8083.553385093168
2017-04-02,-13804.754813664593
2017-04-03,8088.813757764001
2017-04-04,5654.703757763986
2017-04-05,-640.101956521743
2017-04-06,2338.756614906859
2017-04-07,6531.442329192563
2017-04-08,-1919.961956521758
2017-04-09,-13544.337670807436
2017-04-10,7068.269472049695
2017-04-11,11956.253757763974
2017-04-12,2682.358043478249
2017-04-13,-2063.220527950296
2017-04-14,-14642.784813664592
2017-04-15,-11930.831956521724
2017-04-16,-13104.59052795032
2017-04-17,9005.153757763997
2017-04-18,8086.780900621117
2017-04-19,-13654.41624223601
2017-04-20,6497.602329192538
2017-04-21,8815.673757764016
2017-04-22,1259.4509006211301
2017-04-23,-13096.017670807429
2017-04-24,7524.595186335413
2017-04-25,11398.059472049703
2017-04-26,4146.766614906868
2017-04-27,8131.979472049716
2017-04-28,8853.196614906861
2017-04-29,-701.5062422360061
2017-04-30,-14751.550527950312
2017-05-01,-3753.5648136646196
2017-05-02,12456.706614906812
2017-05-03,8700.05232919255
2017-05-04,10273.033757764002
2017-05-05,11069.12375776397
2017-05-06,3494.9623291925527
2017-05-07,-8398.619099378877
2017-05-08,3369.143757763988
2017-05-09,10276.64518633543
2017-05-10,6859.118043478258
2017-05-11,10287.509472049685
2017-05-12,6601.456614906841
2017-05-13,-6417.436242235999
2017-05-14,-17454.424813664606
2017-05-15,5501.4266149068135
2017-05-16,10105.168043478276
2017-05-17,5415.652329192555
2017-05-18,9969.309472049703
2017-05-19,10085.682329192554
2017-05-20,586.0766149068368
2017-05-21,-4135.300527950283
2017-05-22,9629.50661490683
2017-05-23,9781.438043478265
2017-05-24,5813.60375776398
2017-05-25,9172.152329192526
2017-05-26,6975.323757763952
2017-05-27,-6332.643385093164
2017-05-28,-16892.109099378868
2017-05-29,4267.692329192563
2017-05-30,5978.920900621131
2017-05-31,2160.9009006211127
2017-06-01,-870.7180434782931
2017-06-02,6511.40052795026
2017-06-03,-4906.805186335434
2017-06-04,-15146.198043478304
2017-06-05,7577.153385093145
2017-06-06,6045.294813664572
2017-06-07,-1456.5680434782698
2017-06-08,-4939.840900621144
2017-06-09,-1681.4780434782733
2017-06-10,-12587.13518633545
2017-06-11,-21934.33375776399
2017-06-12,852.9919565216987
2017-06-13,3461.476242235978
2017-06-14,-1360.5723291925678
2017-06-15,2679.089099378849
2017-06-16,3259.8376708074356
2017-06-17,-11051.310900621174
2017-06-18,-14552.775186335435
2017-06-19,9601.524813664582
2017-06-20,10084.91624223601
2017-06-21,5898.203385093104
2017-06-22,5112.476242236007
2017-06-23,996.1662422360096
2017-06-24,-8154.695186335448
2017-06-25,-19238.046614906867
2017-06-26,-13427.258043478301
2017-06-27,2969.106242235983
2017-06-28,2946.409099378856
2017-06-29,3891.703385093133
2017-06-30,3451.40052795026
2017-07-01,-12890.916614906891
2017-07-02,-20062.65947204971
2017-07-03,641.18624223597
2017-07-04,6650.847670807445
2017-07-05,3668.56338509309
2017-07-06,3321.2190993788245
2017-07-07,6019.131956521713
2017-07-08,-2179.4223291925737
2017-07-09,-15206.980900621158
2017-07-10,4589.369099378848
2017-07-11,5975.08481366458
2017-07-12,-2229.7466149068787
2017-07-13,1103.6162422360212
2017-07-14,6298.756242236006
2017-07-15,-6066.1323291925655
2017-07-16,-4661.586614906875
2017-07-17,12132.827670807426
2017-07-18,8765.409099378856
2017-07-19,-2002.8337577640195
2017-07-20,-1575.165186335449
2017-07-21,2536.6519565217022
2017-07-22,-3348.4051863354107
2017-07-23,-16321.376614906883
2017-07-24,77.69909937886405
2017-07-25,2804.80909937885
2017-07-26,-3728.8480434782978
2017-07-27,-5014.620900621143
2017-07-28,137.16624223598046
2017-07-29,-6880.945186335448
2017-07-30,-14992.643757764017
2017-07-31,6375.377670807386
2017-08-01,11834.071956521686
2017-08-02,4009.4162422359805
2017-08-03,2379.3548136645695
2017-08-04,9724.541956521716
2017-08-05,719.4176708074519
2017-08-06,-15515.462329192582
2017-08-07,9228.814813664561
2017-08-08,5642.107670807454
2017-08-09,4732.163385093125
2017-08-10,11681.447670807422
2017-08-11,13966.127670807444
2017-08-12,-292.6980434783327
2017-08-13,-13619.679472049727
2017-08-14,708.010527950275
2017-08-15,-816.8894720497192
2017-08-16,966.2448136645544
2017-08-17,2923.826242236013
2017-08-18,9377.383385093126
2017-08-19,-2961.8209006211837
2017-08-20,-14509.406614906853
2017-08-21,7997.570527950273
2017-08-22,8598.986242235987
2017-08-23,2034.3648136645497
2017-08-24,5635.7976708074275
2017-08-25,10133.429099378845
2017-08-26,36.690527950268006
2017-08-27,-12551.743757763994
2017-08-28,14015.470527950267
2017-08-29,13725.377670807415
2017-08-30,8414.560527950263
2017-08-31,5714.590527950291
2017-09-01,5337.387205651496
2017-09-02,-7516.171365777089
2017-09-03,-14370.822794348496
2017-09-04,6776.485777080059
2017-09-05,9889.452919937205
2017-09-06,1960.252919937222
2017-09-07,2832.6443485086493
2017-09-08,5656.5843485086225
2017-09-09,-3851.024222919921
2017-09-10,-10894.751365777076
2017-09-11,12417.254348508635
2017-09-12,10138.607205651468
2017-09-13,2812.5400627943163
2017-09-14,6105.357205651497
2017-09-15,3184.98149136579
2017-09-16,-6850.374222919956
2017-09-17,-11347.659937205666
2017-09-18,-7211.97279434849
2017-09-19,197.16006279434077
2017-09-20,4967.2243485086365
2017-09-21,5883.9000627943315
2017-09-22,1965.3843485086109
2017-09-23,-5998.088508634246
2017-09-24,-15295.017080062797
2017-09-25,5241.6543485086295
2017-09-26,3498.2600627943466
2017-09-27,-2702.0199372056813
2017-09-28,1372.9529199371755
2017-09-29,2252.407205651485
2017-09-30,-6093.054222919949
2017-10-01,-18054.85993720565
2017-10-02,5988.830062794354
2017-10-03,4914.7457770800975
2017-10-04,-1085.3313657771214
2017-10-05,2459.867205651477
2017-10-06,7617.825777080085
2017-10-07,-3328.4813657770574
2017-10-08,-17576.908508634224
2017-10-09,-11639.312794348516
2017-10-10,10319.518634222914
2017-10-11,4410.918634222937
2017-10-12,739.8972056514758
2017-10-13,5718.6286342229
2017-10-14,-5239.832794348535
2017-10-15,-16833.75422291993
2017-10-16,2345.9172056514944
2017-10-17,6672.294348508643
2017-10-18,1253.9657770800404
2017-10-19,6133.697205651464
2017-10-20,8351.711491365772
2017-10-21,90.37720565148629
2017-10-22,-11887.86136577712
2017-10-23,13731.342919937219
2017-10-24,14444.502919937222
2017-10-25,4756.031491365808
2017-10-26,5552.674348508619
2017-10-27,-9165.761365777085
2017-10-28,-11592.78993720567
2017-10-29,-21217.58993720566
2017-10-30,9667.278634222923
2017-10-31,13785.397205651505
2017-11-01,2009.4486342229357
2017-11-02,12770.610062794382
2017-11-03,8111.937205651513
2017-11-04,-4296.93708006278
2017-11-05,-18519.49279434851
2017-11-06,5163.4043485086295
2017-11-07,5872.832919937209
2017-11-08,-4159.30993720566
2017-11-09,75.68720565148396
2017-11-10,4056.892919937207
2017-11-11,-6165.7842229199305
2017-11-12,-17021.772794348508
2017-11-13,9937.12434850866
2017-11-14,12268.964348508627
2017-11-15,1864.2129199372139
2017-11-16,4666.360062794352
2017-11-17,4820.175777080061
2017-11-18,-9035.142794348503
2017-11-19,-23983.068508634227
2017-11-20,2773.534348508605
2017-11-21,6371.064348508633
2017-11-22,2443.780062794336
2017-11-23,6422.498634222924
2017-11-24,7960.648634222918
2017-11-25,-14431.441365777078
2017-11-26,-18720.954222919943
2017-11-27,6082.648634222918
2017-11-28,8868.208634222916
2017-11-29,-304.85565149137983
2017-11-30,3556.7857770800765
2017-12-01,8601.804567108687
2017-12-02,-2087.12257574845
2017-12-03,-12762.88257574846
2017-12-04,10273.767424251564
2017-12-05,12325.517424251564
2017-12-06,-1166.6982900341682
2017-12-07,2505.43885282299
2017-12-08,-4994.452575748466
2017-12-09,-7714.464004319889
2017-12-10,-20413.538290034165
2017-12-11,4370.7874242515245
2017-12-12,6097.843138537253
2017-12-13,-4165.069718605577
2017-12-14,8228.995995680132
2017-12-15,14214.10170996585
2017-12-16,-572.1425757484685
2017-12-17,-17165.906861462747
2017-12-18,10276.894567108713
2017-12-19,15894.930281394423
2017-12-20,6906.638852823002
2017-12-21,8992.630281394377
2017-12-22,8821.36742425157
2017-12-23,-3437.415432891343
2017-12-24,-13048.575432891288
2017-12-25,-9203.948290034168
2017-12-26,14618.07599568012
2017-12-27,7515.437424251548
2017-12-28,10631.998852822959
2017-12-29,10283.273138537246
2017-12-30,-2132.258290034195
2017-12-31,-10379.795432891318
2018-01-01,1945.230551235698
2018-01-02,14624.253408378572
2018-01-03,12656.691979807161
2018-01-04,6020.187694092834
2018-01-05,9997.166265521431
2018-01-06,1122.8091226642719
2018-01-07,-11808.946591621469
2018-01-08,7907.243408378563
2018-01-09,13333.014836949995
2018-01-10,10386.856265521434
2018-01-11,3841.480551235727
2018-01-12,7570.906265521422
2018-01-13,-4836.040877335734
2018-01-14,-13293.103734478587
2018-01-15,5800.546265521436
2018-01-16,4671.190551235719
2018-01-17,10098.461979807122
2018-01-18,4316.051979807147
2018-01-19,4306.551979807147
2018-01-20,-2686.053734478599
2018-01-21,-19396.869448764308
2018-01-22,6872.173408378556
2018-01-23,11705.36912266427
2018-01-24,-11498.975163050025
2018-01-25,2769.6105512357026
2018-01-26,6987.259122664254
2018-01-27,-5210.08944876428
2018-01-28,-19735.668020192854
2018-01-29,7142.637694092875
2018-01-30,12540.107694092847
2018-01-31,-9652.480877335736
2018-02-01,-11699.076591621444
2018-02-02,11423.360551235703
2018-02-03,-1300.7408773357165
2018-02-04,-16958.888020192855
2018-02-05,6417.034836949984
2018-02-06,10693.71626552142
2018-02-07,10774.049122664292
2018-02-08,6553.7991226642625
2018-02-09,7113.131979807164
2018-02-10,-1344.5294487642823
2018-02-11,-14490.745163049985
2018-02-12,9526.594836950011
2018-02-13,15730.12912266425
2018-02-14,11493.96626552142
2018-02-15,4073.4048369499797
2018-02-16,7877.621979807154
2018-02-17,-1479.979448764294
2018-02-18,-15380.048020192859
2018-02-19,5577.160551235691
2018-02-20,11770.480551235698
2018-02-21,12495.834836950002
2018-02-22,8114.227694092842
2018-02-23,11512.591979807155
2018-02-24,-4383.755163050024
2018-02-25,-20782.225163049996
2018-02-26,4137.250551235717
2018-02-27,9900.270551235677
2018-02-28,8355.847694092838
2018-03-01,-798.5867857143166
2018-03-02,5800.151785714319
2018-03-03,-8195.223928571417
2018-03-04,-23941.012499999983
2018-03-05,2299.424642857135
2018-03-06,7959.236071428575
2018-03-07,3193.0217857143143
2018-03-08,-2236.8796428571513
2018-03-09,2997.6146428571665
2018-03-10,-7518.125357142853
2018-03-11,-22162.213928571407
2018-03-12,597.1589285714435
2018-03-13,5756.674642857135
2018-03-14,637.6232142857334
2018-03-15,1521.2246428571816
2018-03-16,6208.707500000019
2018-03-17,-5950.306785714289
2018-03-18,-21648.921071428544
2018-03-19,1806.384642857127
2018-03-20,9981.057499999995
2018-03-21,6269.361785714311
2018-03-22,2859.1289285714156
2018-03-23,7442.533214285737
2018-03-24,-1970.7096428571094
2018-03-25,-14938.59821428571
2018-03-26,10125.741785714286
2018-03-27,14703.597500000003
2018-03-28,15437.90178571429
2018-03-29,6951.221785714297
2018-03-30,-14553.76678571428
2018-03-31,-18860.609642857133
2018-04-01,-21147.013928571425
2018-04-02,3696.8346428571385
2018-04-03,8851.643214285752
2018-04-04,9642.843214285735
2018-04-05,4446.207500000019
2018-04-06,3789.2060714285763
2018-04-07,-1808.058214285702
2018-04-08,-13717.82250000001
2018-04-09,5218.091785714292
2018-04-10,8737.73892857143
2018-04-11,8656.22321428571
2018-04-12,931.977499999979
2018-04-13,3416.528928571439
2018-04-14,-3383.1753571428417
2018-04-15,-13259.712499999994
2018-04-16,3613.998928571411
2018-04-17,6218.773214285728
2018-04-18,5988.870357142849
2018-04-19,9233.433214285731
2018-04-20,10044.091785714292
2018-04-21,-1645.246785714262
2018-04-22,-14747.499642857118
2018-04-23,3052.6317857143003
2018-04-24,6525.394642857165
2018-04-25,5699.758928571449
2018-04-26,1796.6760714286065
2018-04-27,4284.328928571456
2018-04-28,-2372.0739285714226
2018-04-29,-18465.366785714286
2018-04-30,-2357.281071428588
2018-05-01,-4428.775357142877
2018-05-02,9023.426071428548
2018-05-03,4302.001785714296
2018-05-04,5315.19321428574
2018-05-05,-5427.716785714292
2018-05-06,-16390.448214285716
2018-05-07,2585.800357142871
2018-05-08,5529.72321428571
2018-05-09,6206.764642857161
2018-05-10,1283.3274999999849
2018-05-11,328.7889285714191
2018-05-12,-6064.763928571425
2018-05-13,-14914.846785714268
2018-05-14,4762.864642857137
2018-05-15,10009.816071428562
2018-05-16,6238.697500000009
2018-05-17,2424.831785714283
2018-05-18,4335.99892857144
2018-05-19,-5119.918214285717
2018-05-20,-18887.523928571434
2018-05-21,-8366.831071428547
2018-05-22,7552.85607142857
2018-05-23,4136.537500000006
2018-05-24,782.7032142857206
2018-05-25,5173.41178571427
2018-05-26,773.8832142857136
2018-05-27,-12669.63392857142
2018-05-28,5590.390357142867
2018-05-29,6805.911785714299
2018-05-30,3694.1903571428556
2018-05-31,1892.0403571428615
2018-06-01,5931.243804347818
2018-06-02,-362.88762422362925
2018-06-03,-12516.42333850934
2018-06-04,11105.96380434779
2018-06-05,16343.28523291924
2018-06-06,7080.486661490664
2018-06-07,3949.8038043478155
2018-06-08,5703.910947204946
2018-06-09,-2990.9061956521764
2018-06-10,-12109.953338509338
2018-06-11,7719.948090062098
2018-06-12,9660.653804347792
2018-06-13,7692.788090062066
2018-06-14,-370.69048136647325
2018-06-15,792.9009472049365
2018-06-16,-10666.840481366467
2018-06-17,-23465.68905279506
2018-06-18,-4297.203338509338
2018-06-19,2833.486661490664
2018-06-20,4608.338090062112
2018-06-21,3814.6252329192066
2018-06-22,4323.4180900620995
2018-06-23,-1440.991909937904
2018-06-24,-14812.183338509349
2018-06-25,7248.425232919224
2018-06-26,13772.563804347796
2018-06-27,5863.388090062072
2018-06-28,7829.4709472049435
2018-06-29,4534.715232919203
2018-06-30,-4055.667624223628
2018-07-01,-16815.274767080788
2018-07-02,-11742.477624223597
2018-07-03,6613.988090062077
2018-07-04,8847.769518633519
2018-07-05,3521.4052329192054
2018-07-06,2997.9109472049167
2018-07-07,-6131.966195652203
2018-07-08,-18740.7204813665
2018-07-09,1622.5209472049319
2018-07-10,9230.480947204953
2018-07-11,3520.976661490655
2018-07-12,-666.0247670807876
2018-07-13,-1526.2019099378958
2018-07-14,-9864.451909937925
2018-07-15,-17787.77048136646
2018-07-16,-9146.654767080792
2018-07-17,9446.439518633531
2018-07-18,9744.30094720496
2018-07-19,4144.16809006207
2018-07-20,4325.496661490644
2018-07-21,200.47380434779916
2018-07-22,-16240.123338509322
2018-07-23,7867.115232919226
2018-07-24,8868.340947204968
2018-07-25,8358.680947204935
2018-07-26,3316.393804347783
2018-07-27,11346.520947204961
2018-07-28,-1413.3719099379086
2018-07-29,-14284.993338509346
2018-07-30,4724.208090062079
2018-07-31,9942.4995186335
2018-08-01,10070.9738043478
2018-08-02,1051.1080900620727
2018-08-03,7777.526661490672
2018-08-04,199.94380434782943
2018-08-05,-14634.230481366481
2018-08-06,8508.169518633513
2018-08-07,7706.076661490661
2018-08-08,3142.20951863355
2018-08-09,-778.4747670807701
2018-08-10,1221.3295186335163
2018-08-11,-8231.710481366463
2018-08-12,-21526.22619565224
2018-08-13,815.5523757763731
2018-08-14,4732.252375776385
2018-08-15,-10142.427624223637
2018-08-16,-2024.9133385093592
2018-08-17,-1475.9119099379168
2018-08-18,-12169.864767080784
2018-08-19,-23478.089052795083
2018-08-20,-1564.1947670807422
2018-08-21,4741.242375776346
2018-08-22,9180.868090062082
2018-08-23,5476.636661490629
2018-08-24,4906.459518633521
2018-08-25,-7442.839052795054
2018-08-26,-20214.89762422364
2018-08-27,2303.088090062083
2018-08-28,5271.472375776357
2018-08-29,5147.109518633515
2018-08-30,628.3823757763603
2018-08-31,4702.652375776379
2018-09-01,-5773.927519623248
2018-09-02,-16759.646091051807
2018-09-03,1121.1124803767598
2018-09-04,5377.78105180533
2018-09-05,5276.238194662466
2018-09-06,25.658194662479218
2018-09-07,1722.499623233918
2018-09-08,-6132.650376766105
2018-09-09,-17158.75894819465
2018-09-10,2620.543908948166
2018-09-11,1543.0196232339076
2018-09-12,1157.8424803767412
2018-09-13,-1038.2746624803985
2018-09-14,521.1324803767784
2018-09-15,-2900.6732339089504
2018-09-16,-12683.578948194685
2018-09-17,-6189.804662480397
2018-09-18,-2142.2475196232263
2018-09-19,3430.165337519604
2018-09-20,10264.239623233909
2018-09-21,1964.3453375195968
2018-09-22,-6168.750376766111
2018-09-23,-18181.17323390898
2018-09-24,1102.2281946624862
2018-09-25,6953.649623233883
2018-09-26,5654.145337519614
2018-09-27,3545.6653375195747
2018-09-28,7366.878194662451
2018-09-29,-412.0475196232437
2018-09-30,-11798.318948194676
2018-10-01,5597.545337519608
2018-10-02,7609.365337519615
2018-10-03,3554.5810518053477
2018-10-04,-227.43609105184441
2018-10-05,2052.482480376755
2018-10-06,-8396.838948194665
2018-10-07,-13118.276091051783
2018-10-08,5778.666766091017
2018-10-09,18320.052480376733
2018-10-10,10111.67390894817
2018-10-11,6471.533908948186
2018-10-12,7262.1024803767505
2018-10-13,-2751.886091051827
2018-10-14,-20856.007519623265
2018-10-15,-9819.758948194649
2018-10-16,8166.722480376746
2018-10-17,7333.489623233909
2018-10-18,-1735.5989481947036
2018-10-19,5323.87248037674
2018-10-20,-4898.953233908949
2018-10-21,-10117.337519623252
2018-10-22,6733.043908948166
2018-10-23,11031.198194662487
2018-10-24,9150.988194662466
2018-10-25,4131.916766091046
2018-10-26,6970.4096232338925
2018-10-27,619.9139089481614
2018-10-28,-15367.084662480396
2018-10-29,5837.745337519591
2018-10-30,-10349.906091051816
2018-10-31,12481.022480376763
2018-11-01,1871.2339089481975
2018-11-02,-7599.084662480367
2018-11-03,-12475.527519623225
2018-11-04,-20378.471805337525
2018-11-05,-499.82751962324255
2018-11-06,5769.46962323389
2018-11-07,2502.478194662457
2018-11-08,974.3953375195852
2018-11-09,5532.982480376755
2018-11-10,-5816.161805337528
2018-11-11,-24562.92894819466
2018-11-12,-541.0875196232228
2018-11-13,4273.899623233912
2018-11-14,7708.239623233909
2018-11-15,1606.718194662477
2018-11-16,3062.7153375196212
2018-11-17,-6440.328948194656
2018-11-18,-18398.317519623233
2018-11-19,6152.666766091046
2018-11-20,11725.98962323388
2018-11-21,11355.599623233895
2018-11-22,4490.915337519604
2018-11-23,9742.903908948181
2018-11-24,-1836.1960910517955
2018-11-25,-15841.596091051819
2018-11-26,5170.001051805302
2018-11-27,9931.763908948167
2018-11-28,9940.993908948178
2018-11-29,5831.049623233877
2018-11-30,8689.51105180534
2018-12-01,-3034.190877335728
2018-12-02,-20451.958020192862
2018-12-03,2499.801979807118
2018-12-04,4422.271979807148
2018-12-05,1940.071979807166
2018-12-06,3934.6362655214034
2018-12-07,5851.503408378572
2018-12-08,-8508.198020192882
2018-12-09,-20448.909448764287
2018-12-10,1738.7062655214104
2018-12-11,9899.891979807115
2018-12-12,4672.987694092852
2018-12-13,-5359.915163049998
2018-12-14,-6764.179448764306
2018-12-15,-18024.01373447856
2018-12-16,-30327.128020192875
2018-12-17,222.44769409284345
2018-12-18,7351.519122664293
2018-12-19,1824.0748369499925
2018-12-20,-4715.816591621435
2018-12-21,1929.9348369499785
2018-12-22,-8083.648020192864
2018-12-23,-21248.89087733574
2018-12-24,-9948.90087733572
2018-12-25,-12133.193734478584
2018-12-26,7788.770551235706
2018-12-27,-838.7180201928713
2018-12-28,-938.6365916214418
2018-12-29,-10859.432305907161
2018-12-30,-21951.26373447859
2018-12-31,-6890.430877335719
2019-01-01,-2228.926670986548
2019-01-02,5594.336186156346
2019-01-03,1942.374757584912
2019-01-04,-491.66952812939417
2019-01-05,-5920.60095670083
2019-01-06,-20491.868099557963
2019-01-07,789.8161861562985
2019-01-08,535.6361861563055
2019-01-09,-1843.2623852722463
2019-01-10,1601.9990432992054
2019-01-11,-1109.1266709865304
2019-01-12,-11259.180956700846
2019-01-13,-23705.22809955798
2019-01-14,-4966.660956700827
2019-01-15,2795.6390432991902
2019-01-16,6994.443329013477
2019-01-17,6468.294757584896
2019-01-18,4159.44475758489
2019-01-19,-4746.81524241509
2019-01-20,-22783.530956700823
2019-01-21,4457.783329013444
2019-01-22,5474.306186156318
2019-01-23,6232.221900442033
2019-01-24,11110.397614727728
2019-01-25,4505.593329013471
2019-01-26,-3415.2280995579786
2019-01-27,-18672.4066709865
2019-01-28,6443.6747575849
2019-01-29,9040.020471870637
2019-01-30,10277.800471870607
2019-01-31,15081.861900442018
2019-02-01,9554.51618615631
2019-02-02,-7046.436670986528
2019-02-03,-20283.128099557944
2019-02-04,3731.4047575848817
2019-02-05,9439.467614727735
2019-02-06,11366.939043299179
2019-02-07,8743.901900442055
2019-02-08,1943.111900442018
2019-02-09,-8719.395242415078
2019-02-10,-22714.286670986534
2019-02-11,-2148.4923852722277
2019-02-12,3083.707614727755
2019-02-13,-281.28809955797624
2019-02-14,6644.169043299189
2019-02-15,7490.377614727739
2019-02-16,-4939.965242415114
2019-02-17,-17397.40667098653
2019-02-18,6872.3247575848945
2019-02-19,10638.753329013445
2019-02-20,5999.303329013463
2019-02-21,2032.5176147277525
2019-02-22,-166.31952812938835
2019-02-23,-7483.725242415094
2019-02-24,-22787.592385272263
2019-02-25,-1317.962385272258
2019-02-26,3723.4033290134685
2019-02-27,6721.423329013458
2019-02-28,7641.7104718706105
2019-03-01,4992.93517080741
2019-03-02,-4346.306257763965
2019-03-03,-19866.97197204968
2019-03-04,4045.5594565217616
2019-03-05,7401.456599378871
2019-03-06,7916.568027950299
2019-03-07,6794.943742236035
2019-03-08,5409.452313664573
2019-03-09,-3892.503400621121
2019-03-10,-18736.29340062113
2019-03-11,4678.258027950302
2019-03-12,8518.470885093178
2019-03-13,7450.0465993788675
2019-03-14,5459.815170807473
2019-03-15,18.736599378898973
2019-03-16,-9041.050543478254
2019-03-17,-19893.30482919255
2019-03-18,2135.7608850931865
2019-03-19,3545.2165993788512
2019-03-20,6660.229456521716
2019-03-21,6660.483742236043
2019-03-22,939.8508850931539
2019-03-23,-6644.024829192553
2019-03-24,-18817.687686335383
2019-03-25,4487.183742236026
2019-03-26,10963.703742236015
2019-03-27,6733.769456521724
2019-03-28,1290.3537422360387
2019-03-29,-2839.306257763994
2019-03-30,-4430.754829192534
2019-03-31,-16157.667686335393
2019-04-01,-766.8019720496959
2019-04-02,6367.536599378858
2019-04-03,5649.315170807473
2019-04-04,1170.5551708074636
2019-04-05,713.4794565217453
2019-04-06,-3490.8919720496924
2019-04-07,-14716.986257763987
2019-04-08,3726.259456521715
2019-04-09,5750.723742236005
2019-04-10,3093.140885093162
2019-04-11,4083.3051708074345
2019-04-12,4593.259456521715
2019-04-13,277.6908850931504
2019-04-14,-10754.02340062111
2019-04-15,8524.759456521744
2019-04-16,5942.3008850931365
2019-04-17,5309.385170807451
2019-04-18,6180.602313664596
2019-04-19,-11876.754829192534
2019-04-20,-16385.17625776399
2019-04-21,-16988.87482919253
2019-04-22,1679.232313664601
2019-04-23,5677.973742236034
2019-04-24,6745.916599378892
2019-04-25,5842.710885093169
2019-04-26,2566.9180279503344
2019-04-27,-3816.939114906825
2019-04-28,-16383.261972049688
2019-04-29,4119.485170807457
2019-04-30,6597.310885093146
2019-05-01,-4836.103400621156
2019-05-02,7221.5380279502715
2019-05-03,4603.553742236021
2019-05-04,-1960.2248291925353
2019-05-05,-14618.394829192548
2019-05-06,3351.513742236013
2019-05-07,6470.472313664592
2019-05-08,6975.545170807454
2019-05-09,6773.846599378885
2019-05-10,833.1394565217197
2019-05-11,-4856.849114906858
2019-05-12,-16849.72197204968
2019-05-13,1866.5851708074624
2019-05-14,4463.786599378858
2019-05-15,5404.958027950284
2019-05-16,6227.219456521736
2019-05-17,-993.6762577639893
2019-05-18,-8485.509114906832
2019-05-19,-15398.796257763985
2019-05-20,2801.9280279502855
2019-05-21,79.88088509318186
2019-05-22,13727.79802795028
2019-05-23,11917.139456521749
2019-05-24,7604.325170807453
2019-05-25,-2065.706257763988
2019-05-26,-13411.08482919258
2019-05-27,6126.80802795029
2019-05-28,5901.172313664574
2019-05-29,4415.633742236008
2019-05-30,-1727.3476863354153
2019-05-31,-5238.987686335429
2019-06-01,-10273.829239130457
2019-06-02,-20006.000667701883
2019-06-03,-6781.286381987593
2019-06-04,-948.7992391304579
2019-06-05,-2299.42781055902
2019-06-06,1433.313618012413
2019-06-07,1006.8707608695549
2019-06-08,-2901.4120962733286
2019-06-09,-13478.129239130445
2019-06-10,2136.0236180124048
2019-06-11,8618.115046583844
2019-06-12,6334.840760869527
2019-06-13,6124.385046583833
2019-06-14,3937.686475155264
2019-06-15,-5428.572096273303
2019-06-16,-17488.44352484474
2019-06-17,8423.86790372667
2019-06-18,2953.5236180124048
2019-06-19,2794.5236180124048
2019-06-20,2398.3550465838343
2019-06-21,2016.1721894409566
2019-06-22,-9523.384953416185
2019-06-23,-18214.124953416176
2019-06-24,5523.16361801239
2019-06-25,6940.952189440955
2019-06-26,10853.910760869534
2019-06-27,13486.205046583811
2019-06-28,5907.457903726667
2019-06-29,-12920.117810559052
2019-06-30,-14896.420667701896
2019-07-01,5667.642189440958
2019-07-02,11030.129332298122
2019-07-03,6408.73504658381
2019-07-04,5821.246475155262
2019-07-05,900.0121894409531
2019-07-06,-5335.402096273319
2019-07-07,-14115.189239130472
2019-07-08,7519.476475155243
2019-07-09,5160.477903726685
2019-07-10,8150.85790372669
2019-07-11,9559.023618012405
2019-07-12,5501.472189440945
2019-07-13,-3406.694953416154
2019-07-14,-15878.564953416178
2019-07-15,2218.366475155257
2019-07-16,-2429.1978105590388
2019-07-17,8843.826475155249
2019-07-18,4762.157903726678
2019-07-19,3842.7550465838285
2019-07-20,-3750.0263819876127
2019-07-21,-8149.3592391304555
2019-07-22,11469.813618012413
2019-07-23,13552.31218944097
2019-07-24,10854.5879037267
2019-07-25,10364.657903726678
2019-07-26,4913.800760869548
2019-07-27,-5496.862096273311
2019-07-28,-14803.414953416184
2019-07-29,2398.7236180123873
2019-07-30,2566.2650465838087
2019-07-31,5328.836475155229
2019-08-01,7527.100760869536
2019-08-02,1682.9750465838006
2019-08-03,-6497.626381987589
2019-08-04,-16829.77923913044
2019-08-05,2888.9564751552825
2019-08-06,4933.02647515526
2019-08-07,3882.133618012391
2019-08-08,9083.976475155272
2019-08-09,5940.392189440958
2019-08-10,1319.766475155251
2019-08-11,-15525.573524844716
2019-08-12,4009.350760869507
2019-08-13,3376.989332298108
2019-08-14,1636.2093322981382
2019-08-15,-2256.190667701885
2019-08-16,2305.7636180123955
2019-08-17,-3910.834953416168
2019-08-18,-13801.337810559024
2019-08-19,8181.2379037266655
2019-08-20,2542.722189440974
2019-08-21,4594.169332298101
2019-08-22,3430.4350465838215
2019-08-23,-4823.516381987603
2019-08-24,-9506.46352484473
2019-08-25,-16745.082096273312
2019-08-26,-429.4406677018851
2019-08-27,1927.5050465838285
2019-08-28,633.7993322981056
2019-08-29,2701.7064751552534
2019-08-30,-1082.3206677018898
2019-08-31,-8491.020667701901
2019-09-01,-15759.140047095774
2019-09-02,4554.971381475654
2019-09-03,3329.9899529042304
2019-09-04,4151.888524332811
2019-09-05,8790.29566718993
2019-09-06,4551.815667189949
2019-09-07,-1481.3929042386007
2019-09-08,-16277.272904238635
2019-09-09,4045.7585243328067
2019-09-10,6627.361381475639
2019-09-11,3939.987095761375
2019-09-12,5381.429952904204
2019-09-13,2579.602810047043
2019-09-14,-205.61004709574627
2019-09-15,-7665.855761381477
2019-09-16,10024.768524332787
2019-09-17,10432.90281004706
2019-09-18,-678.3100470957579
2019-09-19,2024.9128100470698
2019-09-20,-8974.462904238608
2019-09-21,-10580.707189952955
2019-09-22,-15840.13290423865
2019-09-23,3914.5042386184796
2019-09-24,3500.3856671899557
2019-09-25,3476.1870957613573
2019-09-26,6744.712810047087
2019-09-27,7852.682810047059
2019-09-28,-1126.924332810071
2019-09-29,-11241.920047095773
2019-09-30,10667.978524332779
2019-10-01,19543.37281004709
2019-10-02,18695.14281004708
2019-10-03,14694.538524332806
2019-10-04,5647.791381475632
2019-10-05,-2354.560047095787
2019-10-06,-13963.5614756672
2019-10-07,3711.0513814756705
2019-10-08,8016.434238618502
2019-10-09,11971.00995290422
2019-10-10,14065.951381475636
2019-10-11,12669.06138147565
2019-10-12,-7477.610047095775
2019-10-13,-11738.768618524366
2019-10-14,6891.999952904211
2019-10-15,9482.388524332811
2019-10-16,4722.049952904228
2019-10-17,3767.237095761375
2019-10-18,-525.6614756672352
2019-10-19,-9825.150047095813
2019-10-20,-25618.825761381508
2019-10-21,-18415.390047095803
2019-10-22,-13800.938618524378
2019-10-23,-10094.94433281006
2019-10-24,-5800.834332810045
2019-10-25,-6690.79576138148
2019-10-26,-11533.272904238664
2019-10-27,-20382.218618524377
2019-10-28,-5440.407189952937
2019-10-29,-1501.4271899529267
2019-10-30,-1940.2786185243458
2019-10-31,-12965.680047095753
2019-11-01,-7421.348618524353
2019-11-02,-9636.267189952894
2019-11-03,-21092.02004709575
2019-11-04,557.005667189922
2019-11-05,2817.3399529042363
2019-11-06,5513.737095761346
2019-11-07,9188.585667189938
2019-11-08,5636.892810047051
2019-11-09,-3133.520047095779
2019-11-10,-15338.72433281006
2019-11-11,4664.278524332796
2019-11-12,2037.149952904234
2019-11-13,4856.557095761382
2019-11-14,9448.10709576137
2019-11-15,8149.895667189965
2019-11-16,1442.7928100471036
2019-11-17,-12098.201475667214
2019-11-18,9499.589952904236
2019-11-19,12780.22423861851
2019-11-20,9477.727095761336
2019-11-21,9859.727095761365
2019-11-22,1904.5328100470942
2019-11-23,-4468.048618524335
2019-11-24,-18857.95861852434
2019-11-25,4385.721381475654
2019-11-26,3829.1885243327706
2019-11-27,6612.981381475634
2019-11-28,8826.861381475639
2019-11-29,5288.11709576135
2019-11-30,-4148.501475667203
2019-12-01,-18982.628099557973
2019-12-02,2067.2447575848782
2019-12-03,4152.804757584876
2019-12-04,4717.8947575849015
2019-12-05,3755.1347575849213
2019-12-06,3232.4290432991693
2019-12-07,-6054.593813843676
2019-12-08,-8781.215242415143
2019-12-09,10991.89332901346
2019-12-10,8980.129043299181
2019-12-11,9990.70475758487
2019-12-12,13223.640471870604
2019-12-13,7176.347614727769
2019-12-14,-5748.036670986534
2019-12-15,-21900.6009567008
2019-12-16,4629.064757584885
2019-12-17,9012.110471870605
2019-12-18,6987.761900442041
2019-12-19,4704.367614727758
2019-12-20,2091.086186156317
2019-12-21,-4846.5523852722545
2019-12-22,-17245.145242415107
2019-12-23,6147.82190044201
2019-12-24,4673.951900442044
2019-12-25,-7609.430956700817
2019-12-26,11239.823329013481
2019-12-27,7230.014757584897
2019-12-28,-2945.4638138437003
2019-12-29,-15952.209528129402
2019-12-30,5691.3290432991635
2019-12-31,4925.401900442026
2020-01-01,-564.3885842954624
2020-01-02,13296.614272847422
2020-01-03,10141.13284427597
2020-01-04,-6922.061441438331
2020-01-05,-21241.472870009748
2020-01-06,-922.3800128668954
2020-01-07,1074.3242728473851
2020-01-08,-1841.6557271526253
2020-01-09,6421.705701418803
2020-01-10,6935.667129990266
2020-01-11,-10008.818584295455
2020-01-12,-22487.232870009757
2020-01-13,5370.419987133122
2020-01-14,7773.757129990263
2020-01-15,6078.617129990278
2020-01-16,8855.831415704539
2020-01-17,11154.522844275954
2020-01-18,-6980.9771557240165
2020-01-19,-22027.62715572401
2020-01-20,2021.5071299902338
2020-01-21,8112.421415704535
2020-01-22,4155.504272847407
2020-01-23,9438.339987133106
2020-01-24,16785.425701418804
2020-01-25,-6964.238584295468
2020-01-26,-19798.02001286691
2020-01-27,7629.251415704552
2020-01-28,11867.562844275992
2020-01-29,9417.38855856171
2020-01-30,12556.218558561697
2020-01-31,14440.099987133115
2020-02-01,-6510.765727152611
2020-02-02,-19914.828584295465
2020-02-03,3008.889987133123
2020-02-04,4933.412844275968
2020-02-05,424.1557014188147
2020-02-06,3040.1671299902373
2020-02-07,8270.539987133117
2020-02-08,-4299.360012866906
2020-02-09,-13842.167155724019
2020-02-10,8471.721415704553
2020-02-11,10702.965701418841
2020-02-12,7807.49570141884
2020-02-13,7462.779987133079
2020-02-14,7545.777129990252
2020-02-15,-12483.22429858116
2020-02-16,-24053.927155724028
2020-02-17,-1394.1385842954624
2020-02-18,4586.102844275971
2020-02-19,6066.4314157045155
2020-02-20,10022.56141570455
2020-02-21,5941.425701418833
2020-02-22,-12472.521441438323
2020-02-23,-25608.947155724018
2020-02-24,-92.01429858119809
2020-02-25,2612.26570141883
2020-02-26,3999.30141570454
2020-02-27,6741.881415704527
2020-02-28,6522.848558561673
2020-02-29,-7940.127155724069
2020-03-01,-21379.140822981368
2020-03-02,6228.563462732913
2020-03-03,12495.224891304359
2020-03-04,8728.79203416148
2020-03-05,13472.223462732916
2020-03-06,19560.809177018644
2020-03-07,-765.6422515528102
2020-03-08,-9713.397965838521
2020-03-09,15347.912034161476
2020-03-10,16840.963462732907
2020-03-11,11928.066319875768
2020-03-12,13981.58203416146
2020-03-13,17494.900605590083
2020-03-14,-391.3379658384947
2020-03-15,-13189.53510869565
2020-03-16,4230.160605590063
2020-03-17,11238.136319875804
2020-03-18,10840.172034161485
2020-03-19,7150.014891304338
2020-03-20,11808.759177018655
2020-03-21,-6993.393680124253
2020-03-22,-18443.399394409935
2020-03-23,2288.187748447206
2020-03-24,6423.539177018625
2020-03-25,7809.759177018626
2020-03-26,10768.474891304359
2020-03-27,6002.91917701863
2020-03-28,-7368.490822981374
2020-03-29,-12981.52939440994
2020-03-30,3607.867748447199
2020-03-31,6556.673462732899
2020-04-01,4602.872034161468
2020-04-02,5814.560605590086
2020-04-03,5387.690605590062
2020-04-04,-12161.195108695654
2020-04-05,-17690.34653726709
2020-04-06,-2421.110822981369
2020-04-07,6104.144891304313
2020-04-08,7081.9791770186275
2020-04-09,8696.376319875766
2020-04-10,-5159.859394409956
2020-04-11,-13291.875108695676
2020-04-12,-15392.823680124216
2020-04-13,5944.032034161501
2020-04-14,11163.93489130435
2020-04-15,5929.596319875767
2020-04-16,6959.390605590073
2020-04-17,7767.687748447206
2020-04-18,-549.5993944099464
2020-04-19,-13578.460822981375
2020-04-20,3076.8506055900652
2020-04-21,6664.8377484472
2020-04-22,2362.66917701863
2020-04-23,4178.30203416149
2020-04-24,7656.726319875772
2020-04-25,-5435.296537267073
2020-04-26,-14300.843680124235
2020-04-27,175.1834627329372
2020-04-28,3143.4406055900618
2020-04-29,4930.056319875759
2020-04-30,14908.362034161459
2020-05-01,-12820.08653726711
2020-05-02,-16298.470822981384
2020-05-03,-19045.03939440992
2020-05-04,-2205.7493944099406
2020-05-05,-758.1608229813573
2020-05-06,-2203.602251552802
2020-05-07,2563.630605590064
2020-05-08,3684.0320341615006
2020-05-09,-8530.27510869567
2020-05-10,-18728.20368012425
2020-05-11,-1238.8465372670908
2020-05-12,4613.150605590054
2020-05-13,2291.522034161462
2020-05-14,4501.283462732914
2020-05-15,1051.5148913043377
2020-05-16,-10408.050822981371
2020-05-17,-17522.803680124227
2020-05-18,-1949.750822981383
2020-05-19,4432.1634627328895
2020-05-20,10599.426319875784
2020-05-21,-7563.986537267105
2020-05-22,-991.5751086956589
2020-05-23,-13543.76939440993
2020-05-24,-21851.890822981397
2020-05-25,-6914.75939440995
2020-05-26,-3109.5565372670826
2020-05-27,6.727748447185149
2020-05-28,1919.8291770186333
2020-05-29,3594.5977484471805
2020-05-30,-9982.232251552807
2020-05-31,-17816.55939440994
2020-06-01,589.6658540372446
2020-06-02,8394.290139751538
2020-06-03,358.83728260867065
2020-06-04,3118.558711180114
2020-06-05,5544.930139751552
2020-06-06,-3247.7027173913084
2020-06-07,-9115.615574534197
2020-06-08,9968.747282608703
2020-06-09,10394.01013975154
2020-06-10,8560.04156832298
2020-06-11,10973.34728260868
2020-06-12,7547.211568322964
2020-06-13,-3891.8470031056204
2020-06-14,-14033.145574534195
2020-06-15,4471.512996894395
2020-06-16,5114.934425465821
2020-06-17,7097.800139751518
2020-06-18,8473.110139751545
2020-06-19,7432.771568322962
2020-06-20,-206.28128881991142
2020-06-21,-13175.798431677045
2020-06-22,3573.3015683229605
2020-06-23,3262.400139751524
2020-06-24,613.4387111800897
2020-06-25,10611.177282608667
2020-06-26,9025.511568322952
2020-06-27,-2645.815574534179
2020-06-28,-14025.241288819903
2020-06-29,-11422.69414596277
2020-06-30,-3155.831288819929
2020-07-01,2872.4058540372644
2020-07-02,-3863.528431677056
2020-07-03,-5095.227003105596
2020-07-04,-11997.57128881992
2020-07-05,-19795.7755745342
2020-07-06,636.527282608673
2020-07-07,6265.8629968943715
2020-07-08,3761.914425465802
2020-07-09,731.9944254658185
2020-07-10,2193.9101397515333
2020-07-11,-9355.971288819914
2020-07-12,-18213.138431677013
2020-07-13,-4087.538431677036
2020-07-14,-1380.4170031055983
2020-07-15,5557.528711180086
2020-07-16,-6439.557003105612
2020-07-17,2146.6044254658336
2020-07-18,-7763.708431677049
2020-07-19,-14860.639860248484
2020-07-20,242.52728260867298
2020-07-21,6095.770139751548
2020-07-22,2191.8887111801014
2020-07-23,1859.43442546585
2020-07-24,3149.254425465828
2020-07-25,-4639.962717391318
2020-07-26,-12610.595574534178
2020-07-27,2049.751568322972
2020-07-28,4777.100139751536
2020-07-29,4171.511568322952
2020-07-30,5830.192996894359
2020-07-31,3830.417282608658
2020-08-01,-8318.378431677062
2020-08-02,-15174.569860248477
2020-08-03,316.2772826087021
2020-08-04,2060.37299689441
2020-08-05,-2312.11700310561
2020-08-06,-1778.5098602484795
2020-08-07,-653.8670031055808
2020-08-08,-14459.82128881992
2020-08-09,-20994.477003105625
2020-08-10,806.6329968944192
2020-08-11,5132.527282608644
2020-08-12,6763.615854037256
2020-08-13,10946.52585403726
2020-08-14,18315.825854037248
2020-08-15,-9298.25986024848
2020-08-16,-14528.088431677024
2020-08-17,3517.4187111801
2020-08-18,10579.144425465784
2020-08-19,7679.038711180125
2020-08-20,9366.645854037226
2020-08-21,4648.471568322944
2020-08-22,-8790.659860248474
2020-08-23,-14382.077003105602
2020-08-24,5938.7244254658
2020-08-25,8747.065854037239
2020-08-26,9215.681568322965
2020-08-27,12895.29585403722
2020-08-28,15636.1129968944
2020-08-29,-4499.094145962765
2020-08-30,-10727.144145962753
2020-08-31,11975.718711180089
2020-09-01,12648.028634222923
2020-09-02,5502.697205651493
2020-09-03,8634.415777080081
2020-09-04,8630.282919937192
2020-09-05,-8605.47708006276
2020-09-06,-18749.025651491334
2020-09-07,1713.9543485086178
2020-09-08,9148.235777080088
2020-09-09,1928.9386342229263
2020-09-10,2433.7543485086353
2020-09-11,3831.9872056514723
2020-09-12,-13078.029937205662
2020-09-13,-20732.25279434849
2020-09-14,-62.318508634198224
2020-09-15,7923.385777080053
2020-09-16,9926.250062794337
2020-09-17,14574.707205651503
2020-09-18,462.7800627943361
2020-09-19,-16455.025651491334
2020-09-20,-19789.009937205672
2020-09-21,-432.2656514913833
2020-09-22,2316.2814913657494
2020-09-23,-1391.9770800627884
2020-09-24,3195.024348508625
2020-09-25,9297.540062794345
2020-09-26,-9474.459937205684
2020-09-27,-19131.787080062815
2020-09-28,1943.437205651484
2020-09-29,6094.125777080073
2020-09-30,517.5700627943443
2020-10-01,2878.6800627943594
2020-10-02,4484.7857770800765
2020-10-03,-7297.691365777107
2020-10-04,-14471.052794348507
2020-10-05,3272.345777080074
2020-10-06,1446.1186342229485
2020-10-07,930.7114913657715
2020-10-08,5070.887205651496
2020-10-09,8356.298634222912
2020-10-10,-5482.041365777084
2020-10-11,-20173.322794348496
2020-10-12,-12780.1213657771
2020-10-13,5029.887205651496
2020-10-14,4417.305777080066
2020-10-15,6628.977205651492
2020-10-16,6893.704348508647
2020-10-17,-4297.234222919971
2020-10-18,-15930.342794348515
2020-10-19,3269.911491365783
2020-10-20,8837.937205651484
2020-10-21,9776.568634222902
2020-10-22,8687.252919937222
2020-10-23,10237.172919937206
2020-10-24,-5933.558508634189
2020-10-25,-15978.85565149138
2020-10-26,8570.718634222896
2020-10-27,9299.990062794357
2020-10-28,6325.610062794352
2020-10-29,12435.198634222936
2020-10-30,15438.217205651512
2020-10-31,5777.948634222936
2020-11-01,-7500.969937205635
2020-11-02,6199.357205651526
2020-11-03,6309.102919937199
2020-11-04,5477.857205651497
2020-11-05,5282.944348508638
2020-11-06,7788.272919937212
2020-11-07,-9865.119937205658
2020-11-08,-19913.312794348516
2020-11-09,4149.432919937215
2020-11-10,7124.0357770800765
2020-11-11,5492.967205651512
2020-11-12,5642.654348508659
2020-11-13,4002.214348508627
2020-11-14,-15778.027080062777
2020-11-15,-25834.62993720564
2020-11-16,-1479.1442229199165
2020-11-17,1463.007205651491
2020-11-18,28.081491365795955
2020-11-19,6100.134348508611
2020-11-20,5832.894348508649
2020-11-21,-11632.08993720566
2020-11-22,-23373.511365777056
2020-11-23,1541.3586342229391
2020-11-24,6466.1586342229275
2020-11-25,2901.165777080052
2020-11-26,8630.308634222922
2020-11-27,10208.268634222914
2020-11-28,-7331.835651491361
2020-11-29,-18556.474222919933
2020-11-30,8362.642919937207
2020-12-01,6443.902844275959
2020-12-02,623.9228442759486
2020-12-03,5341.592844275961
2020-12-04,5234.002844275994
2020-12-05,-8517.612870009762
2020-12-06,-20181.32572715261
2020-12-07,6490.612844275951
2020-12-08,-7509.628584295453
2020-12-09,2881.0971299902594
2020-12-10,975.3128442759626
2020-12-11,3547.328558561683
2020-12-12,-10400.294298581168
2020-12-13,-18605.118584295473
2020-12-14,655.8671299902489
2020-12-15,2780.0928442759614
2020-12-16,3155.6285585616715
2020-12-17,3454.349987133115
2020-12-18,2211.8957014188345
2020-12-19,-14341.965727152594
2020-12-20,-21575.334298581205
2020-12-21,3209.752844275965
2020-12-22,6162.879987133085
2020-12-23,8451.889987133123
2020-12-24,22990.717129990255
2020-12-25,-14558.19858429546
2020-12-26,-18200.487155724026
2020-12-27,-21549.355727152608
2020-12-28,3616.1285585616715
2020-12-29,6195.297129990242
2020-12-30,13239.159987133113
2020-12-31,14144.43855856167
2021-01-01,9133.170440124552
2021-01-02,-1755.3067027325742
2021-01-03,-13871.638131304004
2021-01-04,3227.137582981697
2021-01-05,7549.8761544102745
2021-01-06,6241.219011553156
2021-01-07,2893.483297267405
2021-01-08,6075.963297267415
2021-01-09,-6980.895274161157
2021-01-10,-20356.5338455897
2021-01-11,-466.959559875424
2021-01-12,8030.74615441027
2021-01-13,3290.6490115531196
2021-01-14,-1034.6238455897255
2021-01-15,2069.9361544103012
2021-01-16,-6946.989559875423
2021-01-17,-17783.98813130401
2021-01-18,785.3118686960079
2021-01-19,10014.631868696015
2021-01-20,7945.24615441027
2021-01-21,3466.6004401245445
2021-01-22,5716.783297267422
2021-01-23,-4605.550988446863
2021-01-24,-16074.785274161171
2021-01-25,-1958.0595598754298
2021-01-26,3771.5390115531336
2021-01-27,1750.2004401245795
2021-01-28,-1660.648131303984
2021-01-29,-4313.302417018276
2021-01-30,-20933.562417018285
2021-01-31,-28878.160988446878
2021-02-01,-11318.756702732586
2021-02-02,-3652.30955987543
2021-02-03,-2484.2909884468536
2021-02-04,5262.681868696003
2021-02-05,-241.5352741611423
2021-02-06,-9977.26384558974
2021-02-07,-23041.260988446855
2021-02-08,-4016.1509884468687
2021-02-09,1190.7718686959997
2021-02-10,5036.000440124568
2021-02-11,4643.694725838868
2021-02-12,80.30472583885421
2021-02-13,-6250.030988446873
2021-02-14,-21669.24384558972
2021-02-15,-6118.145274161157
2021-02-16,420.6718686959939
2021-02-17,-301.88955987541704
2021-02-18,-1516.3781313040236
2021-02-19,15.680440124531742
2021-02-20,-5175.929559875425
2021-02-21,-15928.815274161141
2021-02-22,-1628.8424170182843
2021-02-23,7438.101868696016
2021-02-24,9169.964725838829
2021-02-25,8753.14472583885
2021-02-26,10176.92044012458
2021-02-27,560.6104401245539
2021-02-28,-13050.972417018289
2021-03-01,315.94745341615635
2021-03-02,6702.326024844748
2021-03-03,7667.140310559043
2021-03-04,9458.931739130465
2021-03-05,11069.598881987593
2021-03-06,347.9303105590225
2021-03-07,-10739.563975155237
2021-03-08,8539.254596273298
2021-03-09,11750.368881987612
2021-03-10,5072.378881987592
2021-03-11,2782.7603105590388
2021-03-12,4762.973167701886
2021-03-13,-5391.151118012407
2021-03-14,-18024.822546583804
2021-03-15,-5266.951118012366
2021-03-16,1370.581739130459
2021-03-17,-262.1125465838122
2021-03-18,122.15316770190839
2021-03-19,2131.0788819875743
2021-03-20,-8555.328260869544
2021-03-21,-20485.98397515525
2021-03-22,-2457.8368322981405
2021-03-23,1837.357453416189
2021-03-24,2237.374596273323
2021-03-25,1981.5260248447303
2021-03-26,5651.846024844737
2021-03-27,-5122.888260869542
2021-03-28,-19636.143975155253
2021-03-29,-2386.7139751552604
2021-03-30,8527.387453416188
2021-03-31,5258.144596273312
2021-04-01,-769.9996894409705
2021-04-02,-13324.431118012406
2021-04-03,-12393.232546583808
2021-04-04,-12680.022546583816
2021-04-05,2869.6717391304555
2021-04-06,8037.920310559042
2021-04-07,7898.426024844754
2021-04-08,8414.051739130431
2021-04-09,7222.396024844726
2021-04-10,1688.4531677018967
2021-04-11,-10096.64254658384
2021-04-12,4518.021739130432
2021-04-13,9107.37316770188
2021-04-14,7490.348881987593
2021-04-15,6411.401739130466
2021-04-16,3774.853167701862
2021-04-17,-5564.382546583831
2021-04-18,-18297.82540372669
2021-04-19,5314.937453416176
2021-04-20,6744.466024844733
2021-04-21,773.3674534161983
2021-04-22,4242.854596273304
2021-04-23,3900.156024844764
2021-04-24,-3282.641118012398
2021-04-25,-13968.34683229812
2021-04-26,-1968.6196894409659
2021-04-27,3657.3431677018816
2021-04-28,2603.940310559032
2021-04-29,2564.147453416168
2021-04-30,6060.62316770188
2021-05-01,-3278.7011180124246
2021-05-02,-9692.73968944099
2021-05-03,1969.2160248447326
2021-05-04,5689.82745341619
2021-05-05,4389.537453416153
2021-05-06,4921.76602484475
2021-05-07,7210.1845962733205
2021-05-08,-3915.312546583824
2021-05-09,-17513.1111180124
2021-05-10,-862.4182608695701
2021-05-11,4352.973167701886
2021-05-12,3532.450310559041
2021-05-13,-185.3425465838227
2021-05-14,271.72888198759756
2021-05-15,-11194.00968944098
2021-05-16,-15012.568260869535
2021-05-17,3181.7560248447408
2021-05-18,8783.87316770188
2021-05-19,8107.26602484475
2021-05-20,7522.6803105590225
2021-05-21,-341.0168322981044
2021-05-22,-5267.839689440996
2021-05-23,-14188.588260869525
2021-05-24,2470.0274534161726
2021-05-25,8496.446024844714
2021-05-26,7914.747453416145
2021-05-27,7206.630310559034
2021-05-28,2992.874596273323
2021-05-29,-2908.1739751552523
2021-05-30,-13921.575403726689
2021-05-31,-3745.2454037267016
2021-06-01,-4583.944782608713
2021-06-02,-7942.796211180161
2021-06-03,-9006.691925465857
2021-06-04,-4516.694782608713
2021-06-05,-6870.493354037288
2021-06-06,-16299.60192546586
2021-06-07,-5704.684782608703
2021-06-08,-379.6776397515787
2021-06-09,-259.0647826087079
2021-06-10,-1790.0819254658709
2021-06-11,-5168.7604968944215
2021-06-12,-12551.664782608714
2021-06-13,-20852.33049689443
2021-06-14,-6550.929068322992
2021-06-15,2813.5123602484236
2021-06-16,-288.57906832298613
2021-06-17,936.5323602484132
2021-06-18,4351.598074534151
2021-06-19,-6009.391925465839
2021-06-20,-16619.170496894425
2021-06-21,-12822.983354037307
2021-06-22,656.0495031055762
2021-06-23,3549.7795031055866
2021-06-24,3182.6080745341314
2021-06-25,7687.196645962715
2021-06-26,208.3652173912851
2021-06-27,-8327.510496894422
2021-06-28,-7119.807639751583
2021-06-29,7169.106645962689
2021-06-30,10734.18378881985
2021-07-01,6812.766645962693
2021-07-02,10283.463788819878
2021-07-03,-2917.240496894461
2021-07-04,-12593.439068323001
2021-07-05,2710.3466459626798
2021-07-06,8497.502360248414
2021-07-07,5805.335217391286
2021-07-08,4785.840931676998
2021-07-09,7978.242360248434
2021-07-10,-3130.3476397515915
2021-07-11,-10861.671925465867
2021-07-12,5892.776645962702
2021-07-13,8573.239503105578
2021-07-14,9109.289503105567
2021-07-15,10309.930931677023
2021-07-16,2590.8066459627007
2021-07-17,-7439.559068322997
2021-07-18,-18667.527639751555
2021-07-19,-2556.810496894439
2021-07-20,5515.368074534141
2021-07-21,-984.4447826087126
2021-07-22,-589.6819254658476
2021-07-23,2992.8366459626995
2021-07-24,901.5423602484516
2021-07-25,-10608.517639751575
2021-07-26,2354.795217391278
2021-07-27,7209.712360248435
2021-07-28,7328.2795031055575
2021-07-29,5923.508074534126
2021-07-30,6699.319503105566
2021-07-31,-5448.859068323014
2021-08-01,-19309.26478260872
2021-08-02,-5662.190496894444
2021-08-03,2086.5680745341524
2021-08-04,5186.24521739129
2021-08-05,8594.410931677005
2021-08-06,7403.580931676988
2021-08-07,-425.21192546584643
2021-08-08,-9503.579068322986
2021-08-09,6203.526645962702
2021-08-10,5818.570931677008
2021-08-11,4640.590931677027
2021-08-12,9124.145217391255
2021-08-13,10532.573788819864
2021-08-14,-707.34621118012
2021-08-15,1751.7937888198358
2021-08-16,11036.358074534131
2021-08-17,10738.139503105573
2021-08-18,8756.626645962708
2021-08-19,7276.202360248397
2021-08-20,10864.166645962716
2021-08-21,-2137.876211180148
2021-08-22,-14286.160496894445
2021-08-23,8783.618074534112
2021-08-24,8026.710931677022
2021-08-25,4629.702360248426
2021-08-26,5119.323788819864
2021-08-27,7547.379503105563
2021-08-28,-8618.726211180154
2021-08-29,-18129.829068323015
2021-08-30,-1614.0462111801608
2021-08-31,4072.0337888198555
2021-09-01,1584.1297331240203
2021-09-02,-469.5088383045513
2021-09-03,5806.999733124016
2021-09-04,-5864.541695447406
2021-09-05,-19008.154552590277
2021-09-06,2941.465447409748
2021-09-07,7808.22687598117
2021-09-08,3083.9768759811413
2021-09-09,5398.7183045526035
2021-09-10,4953.9511616954405
2021-09-11,-255.16312401884352
2021-09-12,-8394.810266876011
2021-09-13,9139.852590266848
2021-09-14,10798.689733124047
2021-09-15,865.1140188383288
2021-09-16,-1162.8116954474244
2021-09-17,-9020.96740973313
2021-09-18,-8195.220266875956
2021-09-19,-4629.20740973315
2021-09-20,9438.436875981162
2021-09-21,9241.702590266854
2021-09-22,5430.906875981134
2021-09-23,3348.3340188382717
2021-09-24,3138.765447409736
2021-09-25,-5682.3731240188645
2021-09-26,-19146.077409733145
2021-09-27,-3088.9174097331415
2021-09-28,795.4054474097211
2021-09-29,-4117.500266875984
2021-09-30,-4334.3516954474035
2021-10-01,-1366.4774097331392
2021-10-02,-9210.937409733131
2021-10-03,-17526.4716954474
2021-10-04,-2596.488838304591
2021-10-05,3205.3197331240226
2021-10-06,3028.228304552613
2021-10-07,3572.4411616954603
2021-10-08,4070.3240188382915
2021-10-09,-5824.410266875988
2021-10-10,-16464.76883830456
2021-10-11,-14914.568838304549
2021-10-12,5305.949733124027
2021-10-13,6059.821161695436
2021-10-14,2060.949733123998
2021-10-15,6037.298304552591
2021-10-16,-4074.380266875989
2021-10-17,-16084.363124018826
2021-10-18,3712.918304552557
2021-10-19,9628.299733124004
2021-10-20,11824.8640188383
2021-10-21,10398.65973312399
2021-10-22,12063.01116169541
2021-10-23,807.2954474097351
2021-10-24,-12625.704552590265
2021-10-25,5907.674018838326
2021-10-26,9108.406875981134
2021-10-27,8422.621161695424
2021-10-28,9806.53259026687
2021-10-29,12172.172590266855
2021-10-30,5154.921161695442
2021-10-31,-8634.86026687597
2021-11-01,-639.5088383045513
2021-11-02,12192.382590266905
2021-11-03,6041.589733124041
2021-11-04,1409.8454474097234
2021-11-05,3954.0297331240145
2021-11-06,-5702.573124018847
2021-11-07,-17150.53455259028
2021-11-08,1484.5625902668398
2021-11-09,7222.219733124017
2021-11-10,3619.2454474097467
2021-11-11,4729.478304552584
2021-11-12,7324.919733124028
2021-11-13,-4374.493124018831
2021-11-14,-17384.213124018832
2021-11-15,-1846.5045525902533
2021-11-16,3500.4725902669015
2021-11-17,-315.1416954474116
2021-11-18,2353.9997331240156
2021-11-19,2201.8540188383195
2021-11-20,-7285.643124018854
2021-11-21,-19402.183124018833
2021-11-22,2689.452590266883
2021-11-23,8321.911161695461
2021-11-24,6722.5911616954545
2021-11-25,6316.181161695451
2021-11-26,5468.488304552564
2021-11-27,-6729.468838304572
2021-11-28,-19267.398838304565
2021-11-29,-870.7631240188493
2021-11-30,3136.388304552587
2021-12-01,5499.009011553135
2021-12-02,8657.79186869599
2021-12-03,7282.981868695992
2021-12-04,-2171.8881313040038
2021-12-05,-11855.718131303991
2021-12-06,452.216154410271
2021-12-07,8279.993297267443
2021-12-08,5141.691868695954
2021-12-09,20261.120440124563
2021-12-10,13043.896154410293
2021-12-11,-1007.1881313040212
2021-12-12,-16079.532417018287
2021-12-13,2583.5647258388635
2021-12-14,8623.800440124556
2021-12-15,6974.396154410293
2021-12-16,9803.55186869597
2021-12-17,9921.897582981706
2021-12-18,-1708.1409884468594
2021-12-19,-12653.675274161127
2021-12-20,8171.383297267428
2021-12-21,11486.144725838822
2021-12-22,10380.141868695995
2021-12-23,7655.879011553101
2021-12-24,5877.919011553138
2021-12-25,96.20615441029076
2021-12-26,-6773.669559875416
2021-12-27,9096.701868695993
2021-12-28,12453.683297267416
2021-12-29,5152.577582981699
2021-12-30,7966.346154410276
2021-12-31,4435.949011553137
2022-01-01,774.6334401245404
2022-01-02,-13155.063702732587
2022-01-03,5400.834868695994
2022-01-04,2272.2405829816707
2022-01-05,2150.6391544102516
2022-01-06,4800.472011553124
2022-01-07,10333.506297267391
2022-01-08,-1972.8137027326156
2022-01-09,-16710.462274161167
2022-01-10,7415.8791544103005
2022-01-11,2971.8834401245404
2022-01-12,7075.759154410247
2022-01-13,6358.962011553114
2022-01-14,7474.099154410273
2022-01-15,-5208.250845589704
2022-01-16,-20279.266559875454
2022-01-17,-3395.7951313040394
2022-01-18,-4903.125131304027
2022-01-19,-4217.80513130402
2022-01-20,-5118.800845589751
2022-01-21,-1295.5065598754736
2022-01-22,-12237.853702732595
2022-01-23,-23355.18798844688
2022-01-24,4405.417725838837
2022-01-25,1879.7334401245462
2022-01-26,6976.642011553107
2022-01-27,13058.243440124555
2022-01-28,11254.644868695992
2022-01-29,-7013.679417018284
2022-01-30,-19300.659417018294
2022-01-31,5481.08201155311
2022-02-01,7637.5462972673995
2022-02-02,5608.573440124543
2022-02-03,7308.332011553139
2022-02-04,8364.334868695965
2022-02-05,-5506.992274161166
2022-02-06,-15895.790845589741
2022-02-07,8292.182011553115
2022-02-08,7973.3220115531
2022-02-09,6162.094868696004
2022-02-10,3384.2034401245473
2022-02-11,1538.907725838857
2022-02-12,-4589.91227416115
2022-02-13,-18652.66798844689
2022-02-14,1372.829154410254
2022-02-15,-345.4322741611686
2022-02-16,4725.654868695972
2022-02-17,9282.85344012457
2022-02-18,9075.544868695957
2022-02-19,-5703.226559875475
2022-02-20,-19661.026559875463
2022-02-21,2058.657725838828
2022-02-22,-685.3494170183258
2022-02-23,-2969.4851313040126
2022-02-24,-3387.0422741611837
2022-02-25,4901.667725838837
2022-02-26,-8954.516559875454
2022-02-27,-21895.64655987546
2022-02-28,1220.8605829816952
2022-03-01,-1914.4392857142957
2022-03-02,799.1892857143248
2022-03-03,5440.963571428612
2022-03-04,7055.455000000045
2022-03-05,-8290.257857142831
2022-03-06,-19293.46642857141
2022-03-07,2039.3092857143201
2022-03-08,-968.9921428571397
2022-03-09,-4656.407857142825
2022-03-10,-1444.2978571428393
2022-03-11,2664.3035714285797
2022-03-12,-8556.203571428545
2022-03-13,-19690.197857142863
2022-03-14,5811.830714285752
2022-03-15,6256.232142857189
2022-03-16,3433.5050000000047
2022-03-17,3205.480714285746
2022-03-18,4615.756428571476
2022-03-19,-7589.057857142849
2022-03-20,-16791.695000000007
2022-03-21,2138.6792857143155
2022-03-22,1749.2464285714377
2022-03-23,2196.8107142857334
2022-03-24,2853.5078571428894
2022-03-25,5853.33928571429
2022-03-26,-2272.6107142856927
2022-03-27,-17544.784999999974
2022-03-28,4790.0692857143
2022-03-29,4067.919285714306
2022-03-30,10436.850714285742
2022-03-31,9875.707857142872
2022-04-01,7476.433571428584
2022-04-02,1698.0221428571676
2022-04-03,-11456.019285714254
2022-04-04,8735.550714285724
2022-04-05,5874.465000000026
2022-04-06,1411.9335714285844
2022-04-07,-2302.550714285695
2022-04-08,-4318.9649999999965
2022-04-09,-13843.580714285694
2022-04-10,-25098.86357142855
2022-04-11,-693.8692857142596
2022-04-12,-3337.125
2022-04-13,-1438.9035714285565
2022-04-14,6553.452142857161
2022-04-15,-11325.834999999992
2022-04-16,-16758.653571428556
2022-04-17,-14280.539285714243
2022-04-18,7191.9778571428615
2022-04-19,10849.960714285728
2022-04-20,5813.639285714307
2022-04-21,7706.030714285764
2022-04-22,5867.037857142888
2022-04-23,-3992.490714285668
2022-04-24,-16091.167857142835
2022-04-25,-2665.643571428547
2022-04-26,1136.2935714285995
2022-04-27,1253.1764285714598
2022-04-28,4896.223571428593
2022-04-29,6963.030714285735
2022-04-30,-4549.683571428555
2022-05-01,-5766.927857142873
2022-05-02,6358.263571428572
2022-05-03,-606.4707142857078
2022-05-04,-1722.1092857142503
2022-05-05,3262.1807142857288
2022-05-06,608.3992857143166
2022-05-07,-9179.48214285713
2022-05-08,-10980.269285714283
2022-05-09,6298.7321428571595
2022-05-10,1515.4949999999953
2022-05-11,4837.3464285714435
2022-05-12,6559.263571428601
2022-05-13,8205.260714285745
2022-05-14,1433.322142857156
2022-05-15,-10191.116428571433
2022-05-16,8111.955000000016
2022-05-17,7038.019285714283
2022-05-18,7333.086428571434
2022-05-19,5027.639285714307
2022-05-20,5257.873571428587
2022-05-21,-5262.4435714285355
2022-05-22,-8890.316428571445
2022-05-23,5180.225000000035
2022-05-24,-637.5592857142619
2022-05-25,-672.0207142857253
2022-05-26,7459.130714285711
2022-05-27,11501.893571428576
2022-05-28,3549.1578571428836
2022-05-29,-8471.360714285693
2022-05-30,15407.557857142878
2022-05-31,17083.707857142872
2022-06-01,15445.84989130433
2022-06-02,14137.978462732892
2022-06-03,14460.942748447182
2022-06-04,-1754.880108695681
2022-06-05,-12623.358680124249
2022-06-06,5721.412748447183
2022-06-07,1546.9398913043551
2022-06-08,4762.357034161454
2022-06-09,4085.6998913043353
2022-06-10,5346.132748447184
2022-06-11,-6194.135822981392
2022-06-12,-13537.040108695684
2022-06-13,5400.634177018597
2022-06-14,4489.11560559005
2022-06-15,5304.677034161461
2022-06-16,10122.315605590062
2022-06-17,12152.417034161452
2022-06-18,-2946.787251552829
2022-06-19,-13436.977251552802
2022-06-20,5176.124177018617
2022-06-21,-5233.138680124277
2022-06-22,6281.404177018616
2022-06-23,6605.394177018607
2022-06-24,9107.062748447177
2022-06-25,-8029.938680124236
2022-06-26,-15460.820108695683
2022-06-27,-7281.69582298139
2022-06-28,6006.6570341614715
2022-06-29,5673.231319875747
2022-06-30,4957.628462732886
2022-07-01,9959.871319875732
2022-07-02,-2829.6315372670942
2022-07-03,-6067.905822981411
2022-07-04,8736.305605590052
2022-07-05,3743.251319875737
2022-07-06,8791.037034161447
2022-07-07,4423.4598913043155
2022-07-08,-28.164394409948727
2022-07-09,-5220.982965838542
2022-07-10,-12722.072965838539
2022-07-11,2953.7527484471793
2022-07-12,2760.5113198757463
2022-07-13,10034.914177018625
2022-07-14,11597.55417701861
2022-07-15,12202.815605590062
2022-07-16,-5078.298680124251
2022-07-17,-6099.694394409948
2022-07-18,5540.67703416149
2022-07-19,1153.2941770186007
2022-07-20,2408.022748447169
2022-07-21,460.3498913043295
2022-07-22,224.85274844721425
2022-07-23,-9679.748680124263
2022-07-24,-15920.242965838494
2022-07-25,3404.3070341614657
2022-07-26,-45.26010869568563
2022-07-27,3132.7970341614855
2022-07-28,3980.4241770186054
2022-07-29,3554.2927484471875
2022-07-30,-4653.245822981407
2022-07-31,-15746.974394409976
2022-08-01,5057.809891304321
2022-08-02,4510.384177018597
2022-08-03,7632.782748447178
2022-08-04,3717.759891304333
2022-08-05,3903.61560559005
2022-08-06,-3695.0443944099534
2022-08-07,-14121.01725155281
2022-08-08,4916.085605590051
2022-08-09,-2321.648680124257
2022-08-10,-463.6443944099592
2022-08-11,2211.465605590056
2022-08-12,1071.4198913043074
2022-08-13,-11260.351537267095
2022-08-14,-12357.161537267093
2022-08-15,244.21846273288247
2022-08-16,12411.592748447176
2022-08-17,9131.164177018625
2022-08-18,7111.261319875746
2022-08-19,1648.817034161446
2022-08-20,-10358.60868012422
2022-08-21,-22947.21153726711
2022-08-22,3150.414177018596
2022-08-23,-3211.5872515528463
2022-08-24,-2480.1143944099313
2022-08-25,-4644.212965838524
2022-08-26,-605.7815372670884
2022-08-27,-17006.145822981372
2022-08-28,-26136.42153726713
2022-08-29,-7145.594394409971
2022-08-30,-2413.591537267115
2022-08-31,1092.7884627328895
2022-09-01,3037.5777551020437
2022-09-02,1181.9091836734733
2022-09-03,-9602.062244897941
2022-09-04,-20278.713673469378
2022-09-05,-901.1065306122473
2022-09-06,-2524.0165306122217
2022-09-07,1122.4148979592137
2022-09-08,7695.814897959179
2022-09-09,-2401.4236734693695
2022-09-10,-9234.190816326533
2022-09-11,-16053.315102040826
2022-09-12,-820.0022448979726
2022-09-13,-3131.3093877551146
2022-09-14,-2392.5422448979225
2022-09-15,-1212.0079591836547
2022-09-16,-7000.613673469401
2022-09-17,-4781.499387755117
2022-09-18,-4823.632244897948
2022-09-19,3019.0506122449005
2022-09-20,19498.72489795921
2022-09-21,15961.11061224487
2022-09-22,9541.824897959159
2022-09-23,9758.90204081632
2022-09-24,3511.4834693877783
2022-09-25,-11369.765102040838
2022-09-26,8999.760612244892
2022-09-27,3006.9106122448866
2022-09-28,5253.893469387753
2022-09-29,5880.957755102048
2022-09-30,2149.6863265306165
2022-10-01,-9455.969387755089
2022-10-02,-20857.879387755092
2022-10-03,4286.656326530647
2022-10-04,3862.7491836734407
2022-10-05,2852.0077551020368
2022-10-06,4123.726326530625
2022-10-07,5128.929183673492
2022-10-08,-7780.517959183693
2022-10-09,-16770.84224489797
2022-10-10,-10763.160816326534
2022-10-11,9116.839183673466
2022-10-12,6095.107755102043
2022-10-13,5827.439183673472
2022-10-14,3375.727755102038
2022-10-15,-3768.0036734693567
2022-10-16,-14656.682244897966
2022-10-17,6596.404897959204
2022-10-18,2571.0863265305816
2022-10-19,4820.507755102037
2022-10-20,6113.122040816321
2022-10-21,6296.007755102037
2022-10-22,-4714.630816326564
2022-10-23,-15418.266530612222
2022-10-24,6309.71346938776
2022-10-25,3234.232040816336
2022-10-26,5657.78489795918
2022-10-27,6963.659183673444
2022-10-28,6475.800612244901
2022-10-29,-5146.569387755095
2022-10-30,-13036.870816326526
2022-10-31,-9478.85224489795
2022-11-01,-120.14081632651505
2022-11-02,10281.730612244923
2022-11-03,6764.337755102053
2022-11-04,8105.893469387753
2022-11-05,-5342.982244897954
2022-11-06,-16861.815102040826
2022-11-07,4855.553469387756
2022-11-08,839.8106122448808
2022-11-09,2998.7077551020484
2022-11-10,5454.323469387775
2022-11-11,6344.59632653062
2022-11-12,-5690.202244897955
2022-11-13,-17850.315102040797
2022-11-14,2892.8048979591986
2022-11-15,6219.103469387774
2022-11-16,7940.680612244905
2022-11-17,10015.486326530634
2022-11-18,10411.67775510205
2022-11-19,-3946.8179591836524
2022-11-20,-20608.025102040818
2022-11-21,3183.964897959202
2022-11-22,2683.4806122448936
2022-11-23,2209.3491836734756
2022-11-24,4572.189183673472
2022-11-25,9949.539183673478
2022-11-26,-2236.973673469387
2022-11-27,-15844.820816326537
2022-11-28,5276.49918367347
2022-11-29,3151.4448979591834
2022-11-30,4548.376326530619
2022-12-01,2258.6120115531085
2022-12-02,5758.434868695971
2022-12-03,-5918.175131304044
2022-12-04,-17719.08513130402
2022-12-05,8773.514868695987
2022-12-06,4802.139154410252
2022-12-07,7104.596297267417
2022-12-08,4972.404868695943
2022-12-09,11241.203440124547
2022-12-10,-1921.0808455897495
2022-12-11,-13310.005131304031
2022-12-12,8333.650582981674
2022-12-13,7994.437725838856
2022-12-14,5670.153440124559
2022-12-15,10217.479154410277
2022-12-16,8055.864868695964
2022-12-17,-7389.909417018323
2022-12-18,-19313.507988446887
2022-12-19,5383.3577258388395
2022-12-20,2343.3562972674263
2022-12-21,3584.0377258388035
2022-12-22,5374.70486869599
2022-12-23,3856.672011553106
2022-12-24,-3106.1279884468822
2022-12-25,-5788.970845589734
2022-12-26,9310.343440124561
2022-12-27,6195.614868695964
2022-12-28,5274.706297267403
2022-12-29,7173.820582981687
2022-12-30,4672.569154410245
2022-12-31,-8698.43798844688
